"ID","year","country","V1","V2","V3","V4","V5","F1","F2","DP","DC","DW","DM","DO","source"
"0","1999","New Zealand","0","1","0","0","0","0","1","0","0","1","0","1","https://www.nzgeo.com/stories/la-ninas-deluges-2/"
"1","1999","United States of America","0","0","0","0","0","0","1","0","0","0","0","0","https://www.reviewjournal.com/local/local-las-vegas/looking-back-at-1999-las-vegas-flood-20-years-later-1701236/"
"2","1999","United States of America","0","0","0","0","0","0","1","0","0","0","0","0","https://lasvegassun.com/news/2009/jul/08/10-years-after-deadly-flood-county-better-prepared/"
"3","1999","Venezuela","0","1","0","0","0","0","0","0","1","0","0","1","https://www.gettyimages.es/detail/fotograf%C3%ADa-de-noticias/resident-walks-past-a-car-stuck-in-the-middle-fotograf%C3%ADa-de-noticias/1244060389"
"4","1999","Venezuela","0","1","0","0","0","0","0","0","1","0","0","1","https://www.gettyimages.es/detail/fotograf%C3%ADa-de-noticias/people-remove-mud-and-debris-after-heavy-rains-fotograf%C3%ADa-de-noticias/1229567824"
"5","1999","Venezuela","0","0","0","0","0","0","0","0","1","0","0","0","https://www.gettyimages.es/detail/fotograf%C3%ADa-de-noticias/view-of-destroyed-buildings-in-the-coastal-fotograf%C3%ADa-de-noticias/94435362"
"6","1999","Venezuela","0","0","0","0","0","0","1","1","1","0","0","1","https://www.gettyimages.es/detail/fotograf%C3%ADa-de-noticias/people-sit-outside-destroyed-houses-after-a-fotograf%C3%ADa-de-noticias/1243876442"
"7","1999","Venezuela","0","0","0","0","0","0","0","0","1","0","0","0","https://www.gettyimages.es/detail/fotograf%C3%ADa-de-noticias/view-of-destroyed-houses-in-the-coastal-region-fotograf%C3%ADa-de-noticias/94435378"
"8","1999","Venezuela","0","0","1","0","0","0","1","0","0","1","0","1","https://www.gettyimages.es/detail/fotograf%C3%ADa-de-noticias/view-of-a-destroyed-car-among-the-rubble-after-fotograf%C3%ADa-de-noticias/1243876244"
"9","1999","Venezuela","0","0","0","0","0","0","1","1","0","1","1","0","https://www.gettyimages.es/detail/fotograf%C3%ADa-de-noticias/rescuers-and-residents-search-through-the-fotograf%C3%ADa-de-noticias/1243853249"
"10","2000","United Kingdom","0","0","0","0","0","1","0","1","0","1","0","1","https://environmentagency.blog.gov.uk/2020/11/04/looking-back-at-the-november-2000-floods-in-york/"
"11","2000","South Africa","0","0","0","0","0","0","0","0","0","1","0","0","https://www.getaway.co.za/travel-news/the-kruger-national-parks-flood-history/"
"12","2000","South Africa","0","0","0","0","0","0","0","0","1","0","0","0","https://www.getaway.co.za/travel-news/the-kruger-national-parks-flood-history/"
"13","2000","Mozambique","0","0","0","0","0","0","1","0","0","0","0","0","https://www.gettyimages.nl/detail/nieuwsfoto's/water-water-everywhere-but-all-of-it-unfit-to-drink-in-nieuwsfotos/57408829?adppopup=true"
"14","2000","Mozambique","0","0","0","0","0","0","0","1","0","1","0","0","https://www.gettyimages.nl/detail/nieuwsfoto's/distressed-and-thirsty-two-young-brothers-wait-to-be-nieuwsfotos/57408844?adppopup=true"
"15","2000","Mozambique","0","0","0","0","1","0","0","0","0","0","0","0","https://theworld.org/stories/2012-01-23/mozambique-floods-storms-kill-22-and-cut-maputo"
"16","2000","South Africa","0","0","0","0","0","0","0","0","0","1","0","0","https://youtu.be/5yjEnJiWaMI?t=64"
"17","2000","South Africa","0","0","0","0","0","0","0","0","0","1","0","0","https://youtu.be/5yjEnJiWaMI?t=68"
"18","2000","South Africa","0","0","0","0","0","0","0","0","1","0","0","0","https://youtu.be/5yjEnJiWaMI?t=220"
"19","2000","South Africa","0","0","0","0","0","0","1","0","0","1","0","0","https://youtu.be/5yjEnJiWaMI?t=381"
"20","2001","United States of America","0","1","1","0","1","0","0","1","1","1","0","1","https://www.theatlantic.com/technology/archive/2017/08/how-much-does-houston-spend-on-flood-control/538257/"
"21","2001","United States of America","0","1","0","0","0","1","0","1","0","0","0","0","https://www.cs.rice.edu/~dwallach/photo/allison2001/WhiteOakWarehouse.html"
"22","2001","United States of America","0","1","0","0","1","0","0","1","0","0","0","0","http://www.cs.rice.edu/~dwallach/photo/allison2001/I45-Detour.html"
"23","2001","United States of America","0","1","0","0","0","0","0","0","0","0","0","0","https://www.cs.rice.edu/~dwallach/photo/allison2001/I45-Submerged.html"
"24","2001","United States of America","0","1","0","0","0","0","0","1","0","0","0","0","https://www.cs.rice.edu/~dwallach/photo/allison2001/I45-Submerged2.html"
"25","2001","United States of America","0","1","1","0","1","0","0","1","0","0","0","1","https://www.cs.rice.edu/~dwallach/photo/allison2001/I45-Suburban.html"
"26","2001","United States of America","0","1","1","0","0","0","0","1","0","0","0","1","https://www.texasfreeway.com/houston/june-2001-flood-photos/"
"27","2001","United States of America","0","0","0","0","1","0","0","0","0","0","0","0","https://www.texasfreeway.com/houston/june-2001-flood-photos/"
"28","2001","United States of America","0","1","1","0","1","0","0","1","0","0","0","1","https://abc13.com/weather/tropical-storm-allison-disaster-began-17-years-ago-today/2075243/"
"29","2001","United States of America","0","0","0","0","0","0","0","1","1","0","1","0","https://www.texasfreeway.com/houston/june-2001-flood-photos/"
"30","2002","Czechia","0","0","0","0","0","0","0","0","1","1","0","1","https://en.wikipedia.org/wiki/2002_European_floods#:~:text=In%20August%202002%2C%20a%20week%20of%20intense%20rainfall,and%20left%20%E2%82%AC27.7%20billion%20%28US%2427.115%20billion%29%20in%20damage."
"31","2002","Czechia","0","0","0","0","0","0","0","1","0","1","0","1","https://www.loveexploring.com/gallerylist/90532/the-worlds-worst-floods"
"32","2002","Germany","0","0","0","0","0","0","0","1","1","0","1","0","https://herijknaas.blogspot.com/2021/07/floods-in-germany-ox3dr9okyijfdm.html"
"33","2002","Germany","0","0","0","0","0","0","1","1","1","1","1","0","http://www.thw-pirna.de/aktuelles/bildergalerien/bildergalerie-vom-hochwasser-2002-12-august-6-september-2002/"
"34","2002","Czechia","0","0","0","0","0","0","0","0","1","1","0","1","http://czechoslovakianlove.tumblr.com/post/27771339137/pragues-flood-2002"
"35","2002","Germany","0","1","0","0","0","0","0","1","1","1","1","1","https://de.wikipedia.org/wiki/Hochwasser_in_Mitteleuropa_2002#/media/Datei:Schlottwitz_Hochwasser_113-1368_IMG.JPG"
"36","2002","Germany","0","1","0","0","0","0","0","1","1","1","0","1","https://de.wikipedia.org/wiki/Hochwasser_in_Mitteleuropa_2002#/media/Datei:Schlottwitz_Hochwasser_2.JPG"
"37","2002","Czechia","0","0","0","0","0","0","0","1","0","0","0","0","http://forms2.rms.com/rs/729-DJX-565/images/fl_2002_central_europe_flooding.pdf"
"38","2002","Czechia","0","0","0","0","0","0","0","1","1","0","0","0","http://forms2.rms.com/rs/729-DJX-565/images/fl_2002_central_europe_flooding.pdf"
"39","2002","Germany","0","0","0","0","0","0","0","0","1","1","0","1","http://www.wehrmut.de/!DATEN!/THW/hochwasser/hochwasser/page-0034.htm"
"40","2003","United States of America","0","1","0","0","0","0","0","1","0","0","0","0","https://www.cbsnews.com/pictures/kansas-flood/"
"41","2003","United States of America","0","1","0","0","0","0","0","0","0","0","0","0","https://www.cbsnews.com/pictures/kansas-flood/"
"42","2003","United States of America","0","1","0","0","0","0","0","0","0","0","0","0","https://www.cbsnews.com/pictures/kansas-flood/"
"43","2003","United States of America","0","1","0","0","0","0","0","0","1","0","0","0","https://www.cbsnews.com/pictures/kansas-flood/"
"44","2003","United States of America","0","1","0","0","0","0","0","0","0","0","0","1","https://www.cbsnews.com/pictures/kansas-flood/"
"45","2003","United States of America","0","1","0","0","0","0","0","1","1","1","1","1","https://www.cbsnews.com/news/deadly-storms-sweep-midwest/"
"46","2003","Argentina","0","0","0","0","0","0","0","1","0","1","0","1","https://youtu.be/4XcCcy-sLYA"
"47","2003","Argentina","0","0","0","0","0","1","0","1","0","1","0","1","https://youtu.be/jfZFwPhVv6M"
"48","2003","Argentina","0","0","0","0","0","0","0","0","0","1","0","0","https://youtu.be/Aa6jyocQ10s?t=239"
"49","2003","Argentina","0","0","0","0","0","0","0","0","1","0","0","0","https://youtu.be/Aa6jyocQ10s?t=307"
"50","2004","United Kingdom","0","1","0","0","0","1","0","1","1","0","0","1","http://www.independent.co.uk/news/uk/home-news/boscastle-flood-of-2004-the-tenth-anniversary-of-freak-weather-striking-a-cornish-town-9673334.html"
"51","2004","United Kingdom","0","0","0","0","0","0","0","0","1","1","0","1","http://www.dailymail.co.uk/news/article-2724164/Ten-years-devastation-How-pretty-Cornish-village-Boscastle-ravaged-floods-2004-slowly-recovered.html"
"52","2004","United Kingdom","0","1","0","0","0","0","0","1","1","1","0","1","https://www.dailymail.co.uk/news/article-2724164/Ten-years-devastation-How-pretty-Cornish-village-Boscastle-ravaged-floods-2004-slowly-recovered.html"
"53","2004","United Kingdom","0","1","0","0","0","0","0","1","1","1","0","1","https://www.dailymail.co.uk/news/article-2724164/Ten-years-devastation-How-pretty-Cornish-village-Boscastle-ravaged-floods-2004-slowly-recovered.html"
"54","2004","United Kingdom","0","0","0","0","0","0","0","1","1","1","0","1","https://www.dailymail.co.uk/news/article-2724164/Ten-years-devastation-How-pretty-Cornish-village-Boscastle-ravaged-floods-2004-slowly-recovered.html"
"55","2004","United Kingdom","0","1","0","0","0","0","0","1","0","0","0","1","https://www.dailymail.co.uk/news/article-2724164/Ten-years-devastation-How-pretty-Cornish-village-Boscastle-ravaged-floods-2004-slowly-recovered.html"
"56","2004","United Kingdom","0","0","0","0","0","0","0","0","0","1","0","1","https://www.dailymail.co.uk/news/article-2724164/Ten-years-devastation-How-pretty-Cornish-village-Boscastle-ravaged-floods-2004-slowly-recovered.html"
"57","2004","United Kingdom","0","1","0","0","0","0","0","1","1","1","0","1","http://www.bbc.co.uk/cornwall/content/image_galleries/boscastlefloods2004_gallery.shtml?15"
"58","2004","United Kingdom","0","0","0","0","0","0","0","1","1","1","0","1","http://www.bbc.co.uk/cornwall/content/image_galleries/places_boscastledisaster_gallery.shtml?23"
"59","2004","United Kingdom","0","1","0","0","0","0","0","1","1","1","1","1","http://www.bbc.co.uk/cornwall/content/image_galleries/places_boscastledisaster_gallery.shtml?23"
"60","2005","Romania","0","1","0","0","0","0","0","0","1","0","0","0","https://www.flickr.com/photos/patrick_castelli/21044212206/in/pool-aaarrrggghhh"
"61","2005","Romania","0","0","0","0","0","0","0","0","1","0","0","0","https://www.youtube.com/watch?v=nRpjPVR18Sg"
"62","2005","Romania","0","0","0","0","0","0","1","0","1","1","0","1","https://www.youtube.com/watch?v=nRpjPVR18Sg"
"63","2005","Romania","0","0","0","0","0","0","1","0","1","1","0","1","https://www.youtube.com/watch?v=nRpjPVR18Sg"
"64","2005","Romania","0","0","0","0","0","0","0","1","1","1","0","1","https://www.youtube.com/watch?v=nRpjPVR18Sg"
"65","2005","Romania","0","1","0","0","0","0","0","1","0","1","0","1","https://www.youtube.com/watch?v=nRpjPVR18Sg"
"66","2005","India","0","0","0","0","0","0","0","1","1","0","0","0","https://open-to-knowledge.blogspot.com/2020/07/the-mumbai-floods-of-2005.html"
"67","2005","India","0","1","1","0","1","0","0","0","0","0","0","0","http://photos1.blogger.com/blogger/7539/919/1600/Mumbai35.jpg"
"68","2005","India","0","0","0","0","0","0","0","0","0","1","0","0","https://www.ndtv.com/photos/news/26july-2005-the-day-mumbai-stopped-11000#photo-138096"
"69","2005","India","0","0","0","0","0","0","0","1","0","0","0","0","https://www.business-standard.com/article/current-affairs/flashback-of-26-july-2005-13-years-of-mumbai-floods-118072600288_1.html"
"70","2006","United States of America","0","0","0","0","0","0","0","0","1","0","0","0","https://www.weather.gov/cle/event_2006flashfloods"
"71","2006","United States of America","0","0","0","1","0","1","1","1","0","0","1","1","https://www.weather.gov/cle/event_2006flashfloods"
"72","2006","United States of America","0","1","0","0","0","0","0","0","1","0","0","0","https://en.wikipedia.org/wiki/2006_New_England_flood#/media/File:TurkeyRiverIronWorksRd2006.jpg"
"73","2006","United States of America","0","0","0","0","0","0","0","0","0","1","0","1","https://www.lcsun-news.com/picture-gallery/news/local/new-mexico/2016/08/15/10-years-a-look-back-at-the-2006-hatch-nm-flood/88807198/"
"74","2006","India","0","0","0","0","0","0","0","1","0","1","0","1","http://www.baps.org/photos/2006/Cleaning-Work-Surat22-Aug-2006-2586.aspx?mid=4493"
"75","2006","India","0","0","0","0","0","0","0","1","0","0","0","0","https://contohsuratmenyuratku.blogspot.com/2019/10/surat-flood-2006-image.html"
"76","2006","India","0","0","0","0","0","0","0","1","0","0","0","0","http://www.pushtikul.com/surat/"
"77","2006","India","1","1","0","0","0","0","0","1","0","0","0","0","https://www.pinterest.com/pin/478929741599324976/"
"78","2006","India","0","0","0","0","0","0","0","0","1","0","1","0","https://contohsuratmenyuratku.blogspot.com/2019/10/surat-flood-2006-image.html"
"79","2006","India","0","0","0","0","0","0","0","1","0","0","0","1","https://flickr.com/photos/upasana/326713948/in/photostream/"
"80","2007","United Kingdom","0","0","0","0","0","0","0","0","1","1","1","0","https://en.wikipedia.org/wiki/2007_United_Kingdom_floods#/media/File:Flood_Damage_-_geograph.org.uk_-_1278873.jpg"
"81","2007","United Kingdom","0","1","0","0","0","0","0","0","0","0","0","0","http://news.bbc.co.uk/2/hi/uk_news/england/south_yorkshire/8094722.stm"
"82","2007","United Kingdom","0","0","0","0","0","0","0","1","0","0","0","0","https://www.hulldailymail.co.uk/news/hull-east-yorkshire-news/gallery/12-iconic-pictures-hull-2007-124435"
"83","2007","China","0","0","0","0","0","0","1","1","0","0","0","1","https://www.chinadaily.com.cn/photo/2007-07/09/content_5421589.htm"
"84","2007","Indonesia","0","1","0","0","0","0","0","0","0","0","1","0","https://en.wikipedia.org/wiki/2007_Jakarta_flood"
"85","2007","Bolivia","0","0","0","0","0","0","0","0","1","0","0","0","https://www.alamy.es/foto-ninos-del-campamento-al-lado-de-la-carretera-trinidad-la-region-de-beni-bolivia-gravemente-afectados-por-las-inundaciones-registradas-en-marzo-de-2007-14787288.html"
"86","2007","Bolivia","0","0","0","0","0","0","1","1","1","0","0","0","https://www.alamy.es/los-ninos-nadan-junto-a-su-casa-inundada-en-las-afueras-de-trinidad-beni-a-unos-400-km-248-millas-al-noreste-de-la-paz-25-de-febrero-de-2007-las-inundaciones-mas-devastadoras-que-azotaron-bolivia-en-25-anos-han-matado-al-menos-a-35-personas-destruido-miles-de-hogares-y-arrasaron-cultivos-y-carreteras-en-gran-parte-de-la-nacion-sudamericana-la-mayor-parte-de-la-escasamente-poblada-provincia-de-beni-que-es-aproximadamente-del-tamano-del-reino-unido-esta-bajo-el-agua-reuters-david-mercado-bolivia-image379930684.html"
"87","2007","United Kingdom","0","0","0","0","0","1","0","0","0","0","0","0","https://www.alamy.es/foto-la-abadia-de-tewkesbury-inundados-por-inundaciones-sin-precedentes-de-los-rios-severn-y-avon-julio-2007-gloucestershire-uk-13175954.html?imageid=3A48CC43-930B-4F71-AEE6-7A8AD10DE780&p=11788&pn=1&searchId=74e76f30a3794bedd643d1c4f6e5cb4b&searchtype=0"
"88","2007","United Kingdom","0","0","0","1","0","0","0","0","0","0","0","0","https://www.alamy.es/foto-las-inundaciones-en-toll-bar-cerca-de-doncaster-south-yorkshire-reino-unido-13529472.html?imageid=A2CCEBDE-D640-4D90-A63D-FD8A6AA46D3C&p=79569&pn=1&searchId=74e76f30a3794bedd643d1c4f6e5cb4b&searchtype=0"
"89","2007","United Kingdom","0","0","0","0","1","0","0","0","0","0","0","0","https://www.alamy.es/foto-narrowboat-varados-en-las-orillas-del-rio-avon-cerca-de-evesham-worcestershire-inglaterra-despues-de-las-inundaciones-del-rio-en-2007-102322033.html?imageid=A2C5DE6F-AAAC-4F7C-B67B-EC9882DC233D&p=166155&pn=1&searchId=74e76f30a3794bedd643d1c4f6e5cb4b&searchtype=0"
"90","2008","United States of America","0","1","0","0","0","1","0","1","0","0","0","0","https://www.bing.com/images/search?view=detailV2&ccid=ZF4YNV%2bL&id=9CEBDEB48A0881AE4419482ECF95FA6A36B7B4BE&thid=OIP.ZF4YNV-L5uQtGAkYSJoUvwHaE7&mediaurl=https%3a%2f%2fupload.wikimedia.org%2fwikipedia%2fcommons%2fthumb%2f3%2f3a%2fFlooding_in_the_US_Midwest_June_2008.jpg%2f1024px-Flooding_in_the_US_Midwest_June_2008.jpg&cdnurl=https%3a%2f%2fth.bing.com%2fth%2fid%2fR.645e18355f8be6e42d180918489a14bf%3frik%3dvrS3Nmr6lc8uSA%26pid%3dImgRaw%26r%3d0&exph=681&expw=1024&q=floods+midwest+usa+2008&simid=608055541401280893&FORM=IRPRST&ck=BCF4FF8F517D4F14726EAA1C5EDDA698&selectedIndex=3"
"91","2008","United States of America","0","0","0","0","0","0","0","0","0","1","0","0","http://archive.boston.com/bostonglobe/photos/FloodshittheMidwest/"
"92","2008","United States of America","0","0","0","0","0","1","1","1","1","0","1","0","http://archive.boston.com/bostonglobe/photos/FloodshittheMidwest?pg=3"
"93","2008","United States of America","0","0","0","0","0","1","1","1","1","0","1","0","https://www.cbsnews.com/pictures/deadly-midwest-floods/3/"
"94","2008","United States of America","0","0","0","0","0","0","0","0","0","0","1","0","https://www.cbsnews.com/pictures/deadly-midwest-floods/7/"
"95","2008","United States of America","0","0","0","0","0","1","1","1","1","0","1","0","https://nca2009.globalchange.gov/transportation-cedar-rapids-flood-2008/index.html"
"96","2008","United States of America","0","0","0","0","0","0","0","1","1","0","0","0","https://pantagraph.com/news/midwest-flood-damage-june-2008/collection_e0a99d8e-49d8-5e55-944d-226256a1cb19.html"
"97","2008","United States of America","0","0","0","0","0","1","1","1","0","0","0","0","https://www.cnn.com/2013/04/24/us/flooding/"
"98","2008","Vietnam","0","0","0","0","0","0","0","1","0","0","0","0","https://www.reuters.com/article/us-vietnam-floods-toll-idUSTRE4A10SJ20081102"
"99","2008","Vietnam","0","1","0","0","0","0","0","0","1","0","0","0","https://www.reuters.com/article/us-vietnam-floods-toll-idUSTRE4A10SJ20081102"
"100","2009","Czechia & Germany & Hungary & Poland & Romania & Serbia & Slovakia & Turkey","0","0","0","0","0","0","0","0","0","1","0","1","https://en.wikipedia.org/wiki/2009_European_floods"
"101","2009","Czechia & Germany & Hungary & Poland & Romania & Serbia & Slovakia & Turkey","0","0","0","0","0","0","0","1","0","1","0","1","https://en.wikipedia.org/wiki/2009_European_floods"
"102","2009","United Kingdom","0","0","0","0","0","0","0","0","1","0","0","0","https://en.wikipedia.org/wiki/2009_Great_Britain_and_Ireland_floods#/media/File:Northside_Bridge,_Workington-1.JPG"
"103","2009","United Kingdom","0","0","0","0","0","0","0","0","1","1","0","1","https://en.wikipedia.org/wiki/2009_Great_Britain_and_Ireland_floods"
"104","2009","France","0","0","0","0","0","0","1","1","1","1","0","0","https://www.alamy.es/foto-equipo-de-busqueda-y-rescate-en-la-crecida-del-rio-tras-las-inundaciones-cerca-de-sainte-maxime-provenza-en-el-sur-de-francia-25904945.html?imageid=0DC0224F-9EFF-4397-981C-8D07ECE0A033&p=20774&pn=1&searchId=2aff0965d291c9d7901b96ab64f837eb&searchtype=0"
"105","2009","Saudi Arabia","0","1","1","0","1","0","0","0","0","1","0","0","https://www.arabnews.com/featured/news/823991"
"106","2009","Saudi Arabia","0","1","0","0","0","0","0","0","0","0","0","0","https://floodlist.com/asia/saudi-arabia-floods-jeddah-november-2022"
"107","2009","Saudi Arabia","0","1","0","0","0","0","0","0","0","0","0","0","https://twitter.com/OxfordEnglishMe/status/1595691691658428418?s=20"
"108","2009","Saudi Arabia","0","0","0","0","0","1","0","0","0","0","0","1","https://youtu.be/BjmfxcqThLM?t=14"
"109","2009","Saudi Arabia","0","1","0","0","0","0","0","0","0","1","0","0","https://youtu.be/BjmfxcqThLM?t=6"
"110","2010","Brazil","0","1","1","1","0","0","1","1","1","0","0","0","https://www.cbsnews.com/pictures/brazil-floods/"
"111","2010","Brazil","0","0","0","0","0","0","0","1","1","0","1","0","https://www.cbsnews.com/pictures/brazil-floods/"
"112","2010","Brazil","0","1","0","0","0","0","0","1","1","0","1","0","https://edition.cnn.com/2010/WORLD/americas/06/24/brazil.floods/index.html"
"113","2010","Brazil","0","1","0","0","0","0","0","0","1","1","0","1","http://www.stuff.co.nz/world/4536762/Hundreds-killed-in-Brazilian-floods"
"114","2010","Brazil","0","0","0","0","0","1","0","1","1","0","1","0","http://edition.cnn.com/2010/WORLD/americas/06/23/brazil.floods/index.html"
"115","2010","Brazil","0","0","0","0","0","0","0","0","1","0","0","0","https://commons.wikimedia.org/wiki/File:2010_Madeira_floods_and_mudslides_21.jpg"
"116","2010","Portugal","0","1","0","0","0","0","0","0","1","1","0","1","https://www.madeiraislanddirect.com/blog/2010/02/madeira-flood-photo-special-february-2010/"
"117","2010","Portugal","0","0","0","0","0","0","0","0","1","0","1","0","https://www.madeiraislanddirect.com/blog/wp-content/uploads/2010/02/DSC04050.jpg"
"118","2010","Portugal","0","0","0","0","0","0","0","1","0","1","0","1","https://www.madeiraislanddirect.com/blog/2010/02/madeira-flood-photo-special-february-2010/"
"119","2010","Portugal","0","0","0","0","0","0","0","1","1","1","0","1","https://www.madeiraislanddirect.com/blog/wp-content/uploads/2010/02/DSC00376.jpg"
"120","2011","Thailand","0","1","0","0","0","0","0","0","0","0","0","0","https://www.theatlantic.com/photo/2011/10/worst-flooding-in-decades-swamps-thailand/100168/"
"121","2011","Thailand","0","0","0","0","0","0","0","1","1","1","1","0","https://www.theatlantic.com/photo/2011/10/worst-flooding-in-decades-swamps-thailand/100168/"
"122","2011","Thailand","0","0","0","0","0","0","0","1","0","0","0","0","https://teakdoor.com/thailand-and-asia-news/97321-thailand-2011-floods-photo-series-3.html"
"123","2011","Thailand","0","1","1","0","1","0","0","0","0","0","0","0","https://teakdoor.com/thailand-and-asia-news/97321-thailand-2011-floods-photo-series-3.html"
"124","2011","Thailand","0","0","0","0","0","1","0","1","0","0","0","1","https://teakdoor.com/thailand-and-asia-news/97321-thailand-2011-floods-photo-series-3.html"
"125","2011","Thailand","0","0","0","0","0","0","0","1","0","0","0","1","https://teakdoor.com/thailand-and-asia-news/97321-thailand-2011-floods-photo-series-3.html"
"126","2011","Thailand","0","0","0","0","0","0","0","1","0","0","0","1","https://teakdoor.com/thailand-and-asia-news/97321-thailand-2011-floods-photo-series-2.html"
"127","2011","Thailand","0","0","0","0","0","0","0","1","1","0","1","0","https://teakdoor.com/thailand-and-asia-news/97321-thailand-2011-floods-photo-series-2.html"
"128","2011","Thailand","0","0","0","0","0","1","0","1","0","0","0","1","http://newsphotogallary.blogspot.com/2011/10/thailand-flood-october-2011.html"
"129","2011","Brazil","0","0","0","0","0","0","0","0","1","1","0","0","https://en.wikipedia.org/wiki/January_2011_Rio_de_Janeiro_floods_and_mudslides#/media/File:EnchentesRio2011.JPG"
"130","2012","United States of America","0","0","0","0","0","0","0","0","1","0","1","0","https://minnesota.publicradio.org/features/2013/06/duluth-flood-before-after-gallery/"
"131","2012","United States of America","0","1","0","0","0","0","0","0","0","0","0","0","https://minnesota.publicradio.org/features/2013/06/duluth-flood-before-after-gallery/"
"132","2012","United States of America","0","0","0","0","0","0","0","1","1","1","0","0","https://minnesota.publicradio.org/features/2013/06/duluth-flood-before-after-gallery/"
"133","2012","United States of America","0","0","0","0","0","0","0","0","1","1","0","0","https://minnesota.publicradio.org/features/2013/06/duluth-flood-before-after-gallery/"
"134","2012","United States of America","0","0","0","0","0","0","0","1","1","1","1","0","https://minnesota.publicradio.org/features/2013/06/duluth-flood-before-after-gallery/"
"135","2012","United States of America","0","1","0","0","0","0","0","0","1","0","0","0","https://minnesota.publicradio.org/features/2013/06/duluth-flood-before-after-gallery/"
"136","2012","China","0","1","0","0","1","0","0","1","0","0","0","0","https://www.cbc.ca/news/world/beijing-residents-compile-own-death-toll-in-flooding-1.1142065"
"137","2012","China","0","0","1","0","0","0","0","1","1","1","1","0","https://edition.cnn.com/2012/07/26/world/asia/china-beijing-flood/index.html"
"138","2012","China","0","0","0","0","0","0","0","1","1","1","1","0","https://edition.cnn.com/2012/07/26/world/asia/china-beijing-flood/index.html"
"139","2012","China","0","1","0","0","0","0","0","1","0","1","0","1","https://edition.cnn.com/2012/07/26/world/asia/china-beijing-flood/index.html"
"140","2013","Canada","0","0","0","0","0","0","0","0","1","1","0","0","https://schovanekphotography.com/lens_portfolio/alberta-flood-2013/"
"141","2013","Canada","0","0","0","0","0","0","0","1","1","1","1","0","https://en.wikipedia.org/wiki/2013_Alberta_floods#/media/File:Okotoks_-_June_23,_2013_-_Local_campground_picnic_area_after_flood.JPG"
"142","2013","Canada","0","0","0","0","0","0","0","0","1","1","1","0","https://schovanekphotography.com/lens_portfolio/alberta-flood-2013/"
"143","2013","Canada","0","0","0","0","0","0","1","1","1","1","1","0","https://schovanekphotography.com/lens_portfolio/alberta-flood-2013/"
"144","2013","Canada","0","0","0","0","0","0","0","1","1","1","0","0","https://schovanekphotography.com/lens_portfolio/alberta-flood-2013/"
"145","2013","United States of America","0","0","0","0","0","0","0","1","1","1","1","0","https://www.huffpost.com/entry/colorado-flood-totals-numbers-2013_n_3935239"
"146","2013","United States of America","0","0","0","0","0","0","0","1","1","0","1","0","http://www.insurancejournal.com/news/west/2014/06/02/330798.htm"
"147","2013","United States of America","0","0","0","0","0","0","0","1","1","1","1","0","https://www.ibtimes.com/colorado-floods-heavy-rain-flash-flooding-claims-least-4-lives-leaves-500-people-unaccounted-photos"
"148","2013","United States of America","0","0","0","0","0","1","1","1","1","1","1","0","http://noconow.co/1rT7x4g"
"149","2013","United States of America","0","0","0","0","0","0","0","0","1","1","1","1","http://lrrd.blogspot.com/2013/10/pondering-colorado-floods-on-way-to-gsa.html"
"150","2014","Malaysia","0","0","0","0","0","0","0","1","1","1","1","0","https://eu.usatoday.com/picture-gallery/news/world/2014/12/29/flooding-in-malaysia/21001785/"
"151","2014","Malaysia","0","0","0","0","0","0","0","1","0","1","0","0","https://eu.usatoday.com/picture-gallery/news/world/2014/12/29/flooding-in-malaysia/21001785/"
"152","2014","Malaysia","0","0","0","0","0","0","0","1","1","1","0","0","https://eu.usatoday.com/picture-gallery/news/world/2014/12/29/flooding-in-malaysia/21001785/"
"153","2014","Malaysia","0","1","0","0","0","0","0","1","1","1","1","0","https://eu.usatoday.com/picture-gallery/news/world/2014/12/29/flooding-in-malaysia/21001785/"
"154","2014","Malaysia","0","0","0","0","0","1","0","1","1","1","1","0","https://eu.usatoday.com/picture-gallery/news/world/2014/12/29/flooding-in-malaysia/21001785/"
"155","2014","Serbia","0","0","0","0","0","0","0","1","1","1","1","0","https://ticotimes.net/2014/06/04/concert-tonight-to-raise-money-for-balkan-flood-victims"
"156","2014","Serbia","0","0","0","0","0","0","0","1","1","0","1","0","https://abcnews.go.com/International/photos/balkans-flood-rivers-overflow-23753941/image-23754391"
"157","2014","Serbia","0","0","0","0","0","0","0","0","1","1","0","1","http://abcnews.go.com/International/photos/balkans-flood-rivers-overflow-23753941/image-23754289"
"158","2014","Bosnia and Herz.","0","0","0","0","0","0","0","0","1","1","0","0","http://archive.boston.com/bigpicture/2014/05/balkans_flooding.html"
"159","2014","Serbia","0","1","0","0","0","0","0","1","1","1","1","0","http://archive.boston.com/bigpicture/2014/05/balkans_flooding.html"
"160","2015","Myanmar","0","0","0","0","0","0","0","1","1","1","0","0","https://www.bangkokpost.com/world/645144/aid-pledged-for-myanmar-as-flood-death-toll-hits-69"
"161","2015","Myanmar","0","0","0","0","0","0","0","0","1","1","0","0","https://unicefmyanmar.blogspot.com/2015/08/photos-myanmar-flood.html"
"162","2015","Myanmar","0","0","0","0","0","0","0","1","1","1","1","0","https://unicefmyanmar.blogspot.com/2015/08/photos-myanmar-flood.html"
"163","2015","Myanmar","0","0","0","0","1","0","0","1","1","0","1","0","https://graceroadmission.wordpress.com/2015/08/03/un-warns-myanmar-flood-toll-to-rise-as-rains-lash-region/"
"164","2015","Myanmar","0","0","0","0","0","0","0","0","1","1","0","0","https://www.youtube.com/watch?v=vL8wkbb8rU0"
"165","2015","United Kingdom","0","0","0","0","0","1","1","0","0","1","0","0","https://www.dailyrecord.co.uk/news/uk-world-news/gallery/flooding-uk-december-26-2015-7076644"
"166","2015","United Kingdom","0","0","0","0","0","0","0","0","1","1","1","0","http://www.huffingtonpost.co.uk/2015/12/26/manchester-flooding-damage-drone-footage-pub-washed-away-water_n_8879380.html"
"167","2015","United Kingdom","0","0","0","0","0","0","0","1","1","1","1","0","https://www.dailymail.co.uk/news/article-3352263/UK-weather-Britain-hit-24-hours-rain-70mph-winds-aftermath-Storm-Desmond.html"
"168","2015","India","0","0","0","0","0","0","0","1","1","0","1","0","http://www.cnn.com/2015/12/03/asia/india-floods-chennai/index.html"
"169","2015","India","0","0","0","0","0","0","0","1","0","0","1","0","http://www.cnn.com/2015/12/03/asia/india-floods-chennai/index.html"
"170","2016","United States of America","0","0","0","0","0","1","0","1","0","0","1","0","http://darkroom.baltimoresun.com/2016/03/heavy-storms-flood-louisiana/#1"
"171","2016","United States of America","0","0","0","0","0","1","0","1","1","1","1","1","https://www.latimes.com/nation/la-na-louisiana-flooding-20160816-snap-story.html"
"172","2016","United States of America","0","0","0","0","0","0","0","1","1","0","0","0","https://www.youtube.com/watch?v=dbNrCpvEmmg"
"173","2016","United States of America","0","0","0","0","0","0","0","1","1","1","0","0","https://www.youtube.com/watch?v=dbNrCpvEmmg"
"174","2016","United States of America","0","0","0","0","0","0","0","1","1","0","0","0","https://www.youtube.com/watch?v=dbNrCpvEmmg"
"175","2016","United States of America","0","0","0","0","0","0","0","1","1","0","0","0","https://www.youtube.com/watch?v=dbNrCpvEmmg"
"176","2016","United States of America","0","0","0","0","0","0","0","1","1","1","0","0","https://www.youtube.com/watch?v=dbNrCpvEmmg"
"177","2016","United States of America","0","0","0","0","0","1","0","1","1","0","0","0","https://www.youtube.com/watch?v=dbNrCpvEmmg"
"178","2016","United States of America","0","0","0","0","0","0","0","1","1","0","0","0","https://www.youtube.com/watch?v=dbNrCpvEmmg"
"179","2016","United States of America","0","0","0","0","0","0","0","1","1","0","0","0","https://www.youtube.com/watch?v=dbNrCpvEmmg"
"180","2016","Germany & France","0","1","0","0","0","0","0","0","0","1","0","0","https://www.businessinsider.com/shocking-pictures-of-the-floods-in-europe-2016-6"
"181","2016","Germany & France","0","0","0","0","0","0","0","1","0","1","0","0","https://www.businessinsider.com/shocking-pictures-of-the-floods-in-europe-2016-6"
"182","2016","Germany & France","0","1","0","0","0","0","0","1","1","1","0","0","https://www.businessinsider.com/shocking-pictures-of-the-floods-in-europe-2016-6"
"183","2016","Germany & France","0","1","0","0","0","0","0","0","1","1","0","0","https://www.businessinsider.com/shocking-pictures-of-the-floods-in-europe-2016-6"
"184","2016","Germany & France","0","1","0","0","0","0","0","1","1","1","0","0","https://www.businessinsider.com/shocking-pictures-of-the-floods-in-europe-2016-6"
"185","2016","Germany & France","0","1","0","0","0","0","0","1","1","1","0","0","https://www.businessinsider.com/shocking-pictures-of-the-floods-in-europe-2016-6"
"186","2016","Germany & France","0","0","0","0","0","0","0","0","1","1","0","0","https://www.businessinsider.com/shocking-pictures-of-the-floods-in-europe-2016-6"
"187","2016","Germany & France","0","1","0","0","0","0","0","0","0","0","0","0","https://www.nbcnews.com/slideshow/fatal-floods-wreak-havoc-germany-france-n584791"
"188","2016","Germany & France","0","0","0","0","0","0","0","1","1","0","1","0","https://www.nbcnews.com/slideshow/fatal-floods-wreak-havoc-germany-france-n584791"
"189","2016","Germany & France","0","1","0","0","0","0","0","0","0","1","0","0","https://www.euractiv.com/section/climate-environment/news/deaths-reported-as-flash-floods-hit-france-germany-and-austria/"
"190","2017","Bangladesh & India & Nepal","0","0","0","0","0","0","0","1","1","0","1","0","https://www.npr.org/sections/thetwo-way/2017/08/29/547078456/floods-in-south-asia-have-killed-more-than-1-000-people-this-summer?t=1654858030228"
"191","2017","Bangladesh & India & Nepal","0","0","0","0","0","0","0","1","1","1","1","0","https://edition.cnn.com/2017/08/22/asia/south-asia-flooding/index.html"
"192","2017","Bangladesh & India & Nepal","0","0","0","0","0","0","0","1","0","1","0","0","https://www.news.com.au/world/asia/south-asia-faces-severe-flooding-and-transport-chaos/news-story/ea29ce67ba87e0470bcce139b4236ded"
"193","2017","China","0","0","0","0","0","0","0","1","1","1","0","0","https://youtu.be/WQcdB_Rzlyg"
"194","2017","China","0","1","0","0","0","1","0","0","0","0","0","0","https://youtu.be/ZEWtX1_4t0M"
"195","2017","China","0","1","0","0","0","0","0","1","0","0","0","0","https://www.climatesignals.org/events/china-floods-june-july-2016"
"196","2017","Bangladesh & India & Nepal","0","0","0","0","0","0","0","0","1","1","1","0","https://news.sky.com/story/flooding-kills-nearly-700-across-south-asia-10998893"
"197","2017","United States of America","0","0","0","0","0","0","0","0","0","1","0","0","https://youtu.be/c62GPWlJisg"
"198","2017","United States of America","0","1","0","0","0","0","0","0","0","1","0","0","https://youtu.be/fqWTbFbsPdk"
"199","2017","United States of America","0","1","0","0","0","0","0","1","1","1","1","0","https://www.youtube.com/watch?v=A9VaBnBVRg0"
"200","2018","France","0","0","0","0","0","0","0","1","0","0","0","0","https://www.efas.eu/en/news/storms-and-flash-floods-europe-june-2018"
"201","2018","France","0","0","0","0","0","1","0","1","0","0","0","1","https://www.nytimes.com/2018/01/26/world/europe/france-paris-floods.html"
"202","2018","Japan","0","1","0","0","0","0","0","1","1","0","1","0","https://medium.com/social-innovation-japan/japan-floods-2018-how-to-help-4b01515d1db3"
"203","2018","Japan","0","0","0","0","0","0","0","1","1","1","1","1","https://www.cbsnews.com/news/hiroshima-japan-floods-today-death-toll-climbs-2018-07-09/"
"204","2018","Japan","0","1","0","0","0","0","0","1","1","0","0","0","https://www.wbur.org/hereandnow/2018/07/13/disaster-stories-thai-cave-japan-flooding"
"205","2018","Japan","0","0","0","0","0","0","0","1","0","1","1","0","https://www.theatlantic.com/photo/2018/07/photos-death-toll-reaches-200-in-devastating-japan-floods/565055/"
"206","2018","Japan","0","1","0","0","0","0","0","1","1","0","0","0","https://www.theatlantic.com/photo/2018/07/photos-death-toll-reaches-200-in-devastating-japan-floods/565055/"
"207","2018","India","0","0","0","0","0","0","0","1","1","1","0","0","https://www.independent.co.uk/news/world/asia/kerala-floods-india-death-rains-monsoon-rains-landslides-bridge-collapse-kochi-a8493796.html"
"208","2018","India","0","0","0","0","0","0","0","0","1","1","1","0","https://www.independent.co.uk/news/world/asia/kerala-floods-india-death-rains-monsoon-rains-landslides-bridge-collapse-kochi-a8493796.html"
"209","2018","India","0","0","0","0","0","0","0","0","1","1","0","0","https://www.independent.co.uk/news/world/asia/kerala-floods-india-death-rains-monsoon-rains-landslides-bridge-collapse-kochi-a8493796.html"
"210","2019","United States of America","0","0","0","0","0","0","0","0","1","1","1","0","https://www.mprnews.org/story/2019/03/24/midwest-flood-risk-may-persist-for-months"
"211","2019","United States of America","0","0","0","0","0","0","0","1","1","1","0","0","https://www.nytimes.com/2019/05/24/us/midwest-river-flooding.html"
"212","2019","United States of America","0","1","1","1","0","1","1","1","1","1","1","0","https://www.reuters.com/article/us-usa-weather-iowa/u-s-disaster-aid-wont-cover-crops-drowned-by-midwest-floods-idUSKCN1RE0BU"
"213","2019","United States of America","0","0","0","0","0","0","0","0","0","1","0","0","https://www.reuters.com/article/us-usa-weather-iowa/u-s-disaster-aid-wont-cover-crops-drowned-by-midwest-floods-idUSKCN1RE0BU"
"214","2019","United States of America","0","0","0","0","0","0","0","1","1","0","1","0","https://youtu.be/pLoNA4JU8QQ"
"215","2019","United States of America","0","0","0","0","0","0","0","0","1","0","1","0","https://youtu.be/pLoNA4JU8QQ"
"216","2019","United States of America","0","0","1","1","1","0","0","0","0","0","0","0","https://www.trtworld.com/americas/at-least-three-dead-after-devastating-floods-across-us-midwest-25067"
"217","2019","United States of America","0","1","0","0","0","0","0","0","0","0","0","0","https://www.trtworld.com/americas/at-least-three-dead-after-devastating-floods-across-us-midwest-25067"
"218","2019","United States of America","0","0","0","0","0","0","0","0","0","1","0","0","https://www.army.mil/article/229479/ny_national_guard_responds_to_major_flooding_wind_damage_in_mohawk_valley"
"219","2019","United States of America","0","0","0","0","0","0","0","0","0","1","0","0","https://www.army.mil/article/229479/ny_national_guard_responds_to_major_flooding_wind_damage_in_mohawk_valley"
"220","2020","Sudan","0","0","0","0","0","0","0","1","1","0","1","0","https://archive.dhakatribune.com/world/africa/2020/09/01/sudan-flood-death-toll-rises-to-89"
"221","2020","Sudan","0","0","0","0","0","0","0","1","1","1","1","0","https://www.washingtonpost.com/graphics/world/2020/09/16/sudan-floods-nile-rivers/Sudan floods: More than 100 dead, 500,000 homeless in worst flooding in 100 years - The Washington Post"
"222","2020","Sudan","0","0","0","0","0","0","0","1","1","1","1","0","https://www.washingtonpost.com/graphics/world/2020/09/16/sudan-floods-nile-rivers/"
"223","2020","Sudan","0","0","0","0","0","0","0","1","0","0","0","0","https://www.middleeastmonitor.com/20200912-un-more-than-half-a-million-people-affected-by-sudan-floods/"
"224","2020","Sudan","0","0","0","0","0","0","0","1","0","0","0","0","https://www.aljazeera.com/news/2020/9/25/over-800000-affected-in-sudan-flooding-un"
"225","2020","Indonesia","0","0","0","0","0","1","0","1","1","1","1","1","https://www.cbsnews.com/news/jakarta-flood-2020-indonesia-capital-inundated-record-rainfall-dozens-deaths-missing-today-2020-01-03/"
"226","2020","Indonesia","0","1","0","0","0","0","0","1","0","1","0","0","https://www.cbsnews.com/news/jakarta-flood-2020-indonesia-capital-inundated-record-rainfall-dozens-deaths-missing-today-2020-01-03/"
"227","2020","Indonesia","0","0","0","0","0","0","0","1","1","0","0","1","https://news.yahoo.com/death-toll-indonesia-flash-flood-123629600.html?guce_referrer=aHR0cHM6Ly93d3cuYmluZy5jb20v&guce_referrer_sig=AQAAALex4lMrkE01TKrTt6px0TZT7xPsZb4dQvDdhDcETbCSrEGpM_kRegaXzC7yMAgbCUVu157YCFN0WjXQzLS-S2KB9dsFuEoowd9N8VgKwy&guccounter=2"
"228","2020","Indonesia","0","1","0","0","0","0","0","0","0","1","0","0","https://news.yahoo.com/death-toll-indonesia-flash-flood-123629600.html?guce_referrer=aHR0cHM6Ly93d3cuYmluZy5jb20v&guce_referrer_sig=AQAAALex4lMrkE01TKrTt6px0TZT7xPsZb4dQvDdhDcETbCSrEGpM_kRegaXzC7yMAgbCUVu157YCFN0WjXQzLS-S2KB9dsFuEoowd9N8VgKwy&guccounter=2"
"229","2020","Indonesia","0","1","0","0","0","0","0","1","1","0","0","0","https://news.yahoo.com/death-toll-indonesia-flash-flood-123629600.html?guce_referrer=aHR0cHM6Ly93d3cuYmluZy5jb20v&guce_referrer_sig=AQAAALex4lMrkE01TKrTt6px0TZT7xPsZb4dQvDdhDcETbCSrEGpM_kRegaXzC7yMAgbCUVu157YCFN0WjXQzLS-S2KB9dsFuEoowd9N8VgKwy&guccounter=2"
"230","2021","China","0","1","0","0","0","0","0","0","0","0","0","0","https://strangesounds.org/2021/07/extraordinary-rainfall-henan-province-china-video-pictures.html"
"231","2021","China","0","0","0","0","0","0","0","0","1","1","0","0","https://leedrut1957.blogspot.com/2021/07/henan-flood-2021-china-floods-12-dead.html"
"232","2021","China","1","0","0","0","0","0","0","1","0","0","1","0","https://en.wikipedia.org/wiki/2021_Henan_floods#/media/File:Damaged_Songshan_Road_in_Zhengzhou_after_Floods.jpg"
"233","2021","China","1","0","0","0","0","0","0","1","0","0","0","0","https://www.reuters.com/world/china/chinas-flood-hit-henan-get-nearly-300-mln-emergency-aid-donations-2021-07-21/"
"234","2021","China","0","1","0","0","0","0","0","0","0","0","0","0","https://www.rfa.org/english/news/china/henan-floods-07212021080107.html"
"235","2021","China","0","0","0","0","0","0","0","0","1","1","0","0","https://marcelobellinger.blogspot.com/2021/07/henan-flood-china-raises-flood-alert.html"
"236","2021","China","0","1","0","0","0","0","0","0","0","1","0","0","https://freerepublic.com/focus/f-news/3978116/posts"
"237","2021","China","0","0","0","0","0","0","0","1","1","1","0","1","https://raeannwarfield.blogspot.com/2021/07/henan-flood-2021-uqx2myrqsoq9-m-deadly.html"
"238","2021","China","1","0","0","0","0","0","0","1","0","0","0","0","https://unlimitnews.com/flash-floods/"
"239","2021","China","0","0","0","0","0","0","0","1","1","0","0","0","https://indianexpress.com/photos/world-news/china-floods-picture-gallery-7416696/"
"240","2021","Belgium","0","1","0","0","0","0","0","1","0","1","0","0","https://www.dw.com/en/european-floods-belgium-warns-against-travel-as-death-toll-climbs/a-58288191"
"241","2021","Belgium","0","1","0","0","0","0","0","1","1","0","0","0","https://www.dw.com/en/european-floods-belgium-warns-against-travel-as-death-toll-climbs/a-58288191"
"242","2021","Germany","0","0","0","0","0","1","0","0","0","0","0","0","https://www.dailysabah.com/world/europe/heavy-flooding-prompts-chaos-in-germany-other-parts-of-europe"
"243","2021","Germany","0","1","0","0","0","0","1","1","1","1","1","1","https://www.timesofisrael.com/help-sent-to-germany-with-over-50-dead-dozens-missing-in-severe-european-floods/"
"244","2021","Germany","0","1","0","0","0","0","0","1","0","1","0","0","https://www.archyde.com/germany-floods-2021-climate-change-europe-flood-two-months-of-rain-when-two-days-of-rain-europe-floods-in-germany-and-belgium-2021-explained/"
"245","2021","Germany","0","0","0","0","0","0","0","1","1","1","1","0","https://www.nytimes.com/2021/07/16/world/europe/germany-flood-damage-musch.html"
"246","2021","Germany","0","0","0","0","0","0","0","0","1","1","1","0","https://jangkrikkelana.blogspot.com/2021/07/germany-floods-2021-map-german-vista.html"
"247","2021","Belgium","0","1","0","0","0","1","0","1","0","0","0","0","https://www.dawn.com/news/1635433"
"248","2021","Germany","0","0","0","0","0","0","0","1","1","1","1","1","https://www.aljazeera.com/news/2021/7/17/death-toll-rises-to-170-in-germany-and-belgium-floods"
"249","2021","Germany & Belgium","0","1","0","0","0","0","0","1","1","1","1","0","https://news.thedistin.com/2021/07/15/flood-in-europe-germany-belgium-homes-collapse-37-people-dead-and-70-missing-after-heavy-rain-fall/"
"250","2022","Philippines","0","0","0","0","0","0","0","1","0","0","0","0","https://www.gettyimages.in/detail/news-photo/people-visit-the-grave-of-their-deceased-relatives-and-love-news-photo/1244404460?adppopup=true"
"251","2022","Philippines","0","0","0","0","0","0","0","1","0","0","0","0","https://www.gettyimages.in/detail/news-photo/people-visit-the-grave-of-their-deceased-relatives-and-love-news-photo/1244404566?adppopup=true"
"252","2022","Philippines","0","0","0","0","0","0","0","1","1","0","0","0","https://www.gettyimages.in/detail/news-photo/people-visit-the-grave-of-their-deceased-relatives-and-love-news-photo/1244404273?adppopup=true"
"253","2022","Philippines","0","0","0","0","0","0","1","1","1","0","0","1","https://www.gettyimages.in/detail/news-photo/philippines-flood-typhoon-all-saints-day-by-jason-gutierrez-news-photo/92609129?adppopup=true"
"254","2022","Pakistan","0","0","0","0","0","0","0","0","1","0","0","1","https://www.telegraph.co.uk/global-health/climate-and-people/pakistans-monsoon-superfloods-kill-least-900-sweep-buildings/"
"255","2022","Pakistan","0","1","0","0","0","0","0","0","0","1","0","0","https://twitter.com/ImIjazAhmad/status/1563092343624204288?s=20"
"256","2022","Pakistan","0","0","0","0","0","0","0","1","1","0","0","0","https://www.aljazeera.com/gallery/2022/8/25/photos-record-monsoon-rains-wreak-havoc-across-pakistan"
"257","2022","Pakistan","0","0","0","0","0","0","0","1","0","0","0","0","https://www.aljazeera.com/gallery/2022/8/25/photos-record-monsoon-rains-wreak-havoc-across-pakistan"
"258","2022","Pakistan","0","0","0","0","0","0","0","1","0","0","0","0","https://www.aljazeera.com/gallery/2022/8/25/photos-record-monsoon-rains-wreak-havoc-across-pakistan"
"259","2022","Australia","0","0","0","0","0","0","1","0","1","0","0","0","https://assets2.cbsnewsstatic.com/hub/i/r/2021/04/19/3b485e9c-dcce-4a79-a6ff-822b5d55aed9/thumbnail/1280x720/6b9f42f9351b6de3f03f94b685667cb0/en-0625-vancleavefloods-1084618-640x360.jpg"
"260","2023","New Zealand","0","1","0","0","0","0","0","0","0","0","0","0","https://news.sky.com/video/new-zealand-hit-by-flash-floods-and-landslides-as-heavy-rain-batters-country-12798259"
"261","2023","New Zealand","0","0","0","0","0","0","0","0","1","0","0","0","https://news.sky.com/video/new-zealand-hit-by-flash-floods-and-landslides-as-heavy-rain-batters-country-12798259"
"262","2023","New Zealand","0","1","0","0","0","1","1","1","0","0","0","1","https://news.sky.com/video/new-zealand-hit-by-flash-floods-and-landslides-as-heavy-rain-batters-country-12798259"
"263","2023","New Zealand","0","0","0","0","1","0","0","0","0","1","0","0","https://news.sky.com/video/new-zealand-hit-by-flash-floods-and-landslides-as-heavy-rain-batters-country-12798259"
"264","2023","New Zealand","0","1","0","0","0","0","0","0","1","0","0","0","https://news.sky.com/video/new-zealand-hit-by-flash-floods-and-landslides-as-heavy-rain-batters-country-12798259"
"265","2023","Australia","0","0","0","0","0","0","0","0","1","1","0","0","https://www.9news.com.au/national/weather-australia-2023-wild-weather-extremes-in-pictures-floods-storms-bushfires-snow/751a8a0c-529c-4b2a-9942-9ec15a58969b#21"
"266","2023","Turkey","0","1","1","0","1","0","0","1","0","0","0","1","https://www.dainikprabhat.com/floods-in-turkey-kill-14-people-in-earthquake-affected-provinces/"
"267","2023","Turkey","0","0","1","0","0","0","0","1","0","0","0","1","https://www.middleeastmonitor.com/20230315-floods-kill-five-in-turkiye-earthquake-affected-provinces/"
"268","2023","Brazil","1","1","0","0","0","0","0","0","0","1","0","1","https://www.arabnews.com/node/2254321/world"
"269","2023","Philippines","0","1","0","0","1","0","0","0","0","0","0","0","https://www.dailysabah.com/world/asia-pacific/7-killed-as-typhoon-vamco-triggers-worst-flooding-in-years-in-philippine-capital"
